timestamp,chunk_size,chunk_overlap,top_k,temperature,relevance_threshold,fallback_threshold,off_topic_threshold,llm_confidence_threshold,sigmoid_midpoint,sigmoid_steepness,avg_response_time_sec,total_tokens,estimated_cost_usd,mode_rag_count,mode_fallback_count,mode_llm_domain_check_count,mode_off_topic_count,mode_no_answer_count,mode_error_count,avg_improvement_pct,improvement_std,improvement_min,improvement_max,avg_relevance_score,avg_rag_score,avg_llm_score,avg_rag_specificity,avg_rag_relevance,avg_rag_factuality,avg_llm_specificity,avg_llm_relevance,avg_llm_factuality,notes
2025-11-06 13:29:07,800,100,4,0.2,0.62,0.5,0.15,3,0.5,12,5.01,1155,$0.0006,2,0,2,1,1,0,100.9%,293.24%,-89.3%,733.3%,0.428,4.89,6.06,4.67,5.50,4.50,4.33,8.17,5.67,Test run with 6 questions
2025-11-06 13:32:05,800,100,4,0.2,0.62,0.5,0.15,4,0.5,12,3.90,1111,$0.0006,2,0,2,1,1,0,218.4%,339.43%,-81.0%,800.0%,0.428,7.28,5.44,6.67,8.33,6.83,4.17,6.83,5.33,Test run with 6 questions
2025-11-06 13:36:28,800,100,4,0.2,0.62,0.5,0.15,5,0.5,12,3.73,1167,$0.0007,2,0,2,1,1,0,228.9%,382.16%,-85.0%,800.0%,0.428,6.33,5.39,6.17,7.00,5.83,4.17,6.67,5.33,Test run with 6 questions
2025-11-06 13:49:19,800,100,4,0.2,0.62,0.5,0.15,6,0.5,12,5.10,1216,$0.0007,2,0,2,1,1,0,235.4%,389.97%,-81.0%,833.3%,0.428,6.39,5.44,6.00,7.17,6.00,4.17,6.67,5.50,Test run with 6 questions
2025-11-06 13:55:45,800,100,4,0.2,0.62,0.5,0.15,7,0.5,12,4.68,1137,$0.0006,2,0,2,1,1,0,227.9%,405.49%,-89.3%,800.0%,0.428,5.28,5.50,4.67,6.33,4.83,4.50,6.50,5.50,Test run with 6 questions
2025-11-07 01:55:56,800,100,4,0.2,0.62,0.5,0.15,2,0.5,12,4.99,1120,$0.0006,2,0,3,1,0,0,87.5%,205.74%,-82.4%,525.0%,0.428,6.78,6.06,6.00,8.33,6.00,4.33,8.33,5.50,Test run with 6 questions
2025-11-07 01:58:19,800,100,4,0.2,0.62,0.5,0.15,1,0.5,12,5.19,1324,$0.0007,2,0,3,1,0,0,273.8%,384.80%,-33.3%,833.3%,0.428,8.00,5.28,7.00,9.83,7.17,4.33,6.33,5.17,Test run with 6 questions
2025-11-07 02:01:07,800,100,4,0.2,0.62,0.5,0.15,8,0.5,12,5.43,1259,$0.0007,2,0,2,1,1,0,124.6%,273.31%,-89.3%,600.0%,0.428,5.00,5.67,4.83,5.50,4.67,4.67,6.83,5.50,Test run with 6 questions
2025-11-07 02:03:54,800,100,4,0.2,0.62,0.5,0.15,9,0.5,12,4.40,1037,$0.0006,2,0,1,1,2,0,243.1%,383.95%,-75.0%,833.3%,0.428,6.89,5.28,6.17,8.50,6.00,4.33,6.33,5.17,Test run with 6 questions
